,count,mean,std,min,25%,50%,75%,max
templates,16305.0,2.008095676172953,8.419380897166139,1.0,1.0,1.0,1.0,189.0
text,564.0,29.02659574468085,35.97311511074022,1.0,6.0,15.0,36.0,189.0
hypothesis,15741.0,1.0400228702115495,0.210098541617401,1.0,1.0,1.0,1.0,3.0
predicates,10629.0,3.080440304826418,15.660451422604009,1.0,1.0,1.0,2.0,463.0
tpred,280.0,58.46785714285714,75.78591122021112,1.0,9.0,31.0,79.25,463.0
hpred,10472.0,1.5633116883116882,1.5845937298764066,1.0,1.0,1.0,2.0,44.0
attributes,9067.0,7.222234476673652,82.84129293062013,1.0,1.0,1.0,2.0,7206.0
attributes_text,479.0,68.35490605427975,338.9569888723023,1.0,8.0,21.0,64.5,7206.0
attributes_hypothesis,8985.0,3.6440734557595995,14.468552761904759,1.0,1.0,1.0,2.0,446.0
