,attributes_per_predicate,negatives,pn_rate,positives,size,uniqueAttributes,uniqueAttributes%,uniquePredicates,uniquePredicates%,uniqueRules,ruleCoverage,predCoverage,jaccardPreds,jaccardRules
daganlevy,0.8530435600715025,13224.0,0.23797640653357532,3147.0,163710.0,9067.0,0.05538452140981003,10629.0,0.06492578339747114,16305.0,0.0,0.027454110135674382,0.010285850974763784,0.0
zeichner,0.7045490822027135,3993.0,0.5975457049837215,2386.0,63790.0,4414.0,0.06919579871453206,6265.0,0.09821288603229346,9220.0,0.0,0.016182143193150814,0.010285850974763784,0.0
