,attributes_per_predicate,negatives,positives,size,uniqueAttributes,uniquePredicates
daganlevy,0.8530435600715025,16371.0,16371.0,16371.0,9067.0,10629.0
zeichner,0.7045490822027135,6379.0,6379.0,6379.0,4414.0,6265.0
