,size,positives,negatives,pn_rate,uniqueRules,uniquePredicates,uniquePredicates%,uniqueAttributes,uniqueAttributes%,attributes_per_predicate,ruleCoverage,predCoverage,jaccardPreds,jaccardRules
daganlevy,16371.0,3147.0,13224.0,0.23797640653357532,16305.0,10629.0,0.6492578339747114,9067.0,0.5538452140981003,0.8530435600715025,0.0,0.027454110135674382,0.010285850974763784,0.0
zeichner,6379.0,2386.0,3993.0,0.5975457049837215,9220.0,6265.0,0.9821288603229347,4414.0,0.6919579871453205,0.7045490822027135,0.0,0.016182143193150814,0.010285850974763784,0.0
