,size,positives,negatives,pn_rate,unique_templates,unique_templates%,unique_templates_T,unique_templates_H,unique_predicates,unique_predicates%,unique_predicates_T,unique_predicates_H,unique_attributes,unique_attributes%,attribute_predicate_rate,shared_templates,shared_predicates,shared_attributes,coverage_templates,coverage_predicates,coverage_attributes,jaccard_templates,jaccard_predicates,jaccard_attributes
daganlevy,16371.0,3147.0,13224.0,0.23797640653357532,16305.0,0.497984240425142,564.0,15741.0,10629.0,0.3246289169873557,280.0,10472.0,9067.0,0.13846130352452507,0.8530435600715025,0.0,173.0,338.0,0.0,0.026767754912579298,0.07573381133766524,0.0,0.010225190614102488,0.025621588841722255
zeichner,6567.0,2447.0,4120.0,0.5939320388349515,9443.0,0.7189736561595859,2876.0,6567.0,6463.0,0.4920816202223237,2178.0,5021.0,4463.0,0.1699025430181209,0.6905461859817422,0.0,173.0,338.0,0.0,0.01627622542101797,0.03727804124848351,0.0,0.010225190614102488,0.025621588841722255
