,TN,FN,TP,FP,total,accuracy,recall,precision,f1
daganlevy,13189.0,2755.0,392.0,35.0,16371.0,0.8295766904892798,0.12456307594534477,0.9180327868852459,0.21936205931729155
zeichner,3780.0,1995.0,391.0,213.0,6379.0,0.6538642420442076,0.16387259010896899,0.6473509933774835,0.26153846153846155
