,count,mean,std,min,25%,50%,75%,max
templates,9443.0,1.3908715450598326,0.935331867810919,1.0,1.0,1.0,1.0,10.0
text,2876.0,2.2833796940194713,1.3142755384951748,1.0,1.0,2.0,3.0,10.0
hypothesis,6567.0,1.0,0.0,1.0,1.0,1.0,1.0,1.0
predicates,8745.0,1.5018867924528303,1.430943923069979,1.0,1.0,1.0,1.0,21.0
tpred,2178.0,3.015151515151515,2.2745117644565727,1.0,1.0,2.0,4.0,21.0
hpred,5021.0,1.3079067914758016,0.7652794323887572,1.0,1.0,1.0,1.0,8.0
